Date,Create Customer,Add Product,Update Product
2025-08-01,45,32,18
2025-08-08,52,28,22
2025-08-15,48,35,20
2025-08-22,50,30,19
2025-08-29,47,33,21
2025-09-05,53,31,23
2025-09-12,49,34,20
2025-09-19,51,29,18
2025-09-26,46,36,22
2025-10-03,54,32,19
2025-10-10,50,30,21
2025-10-17,48,35,20
2025-10-24,52,33,23
2025-10-31,47,31,18
2025-11-07,55,34,22
2025-11-14,51,28,19
2025-11-21,49,36,21
2025-11-28,53,32,20
2025-12-05,50,30,23
2025-12-12,48,35,18
2025-12-19,52,33,22
2025-12-26,46,29,19
2026-01-02,54,34,21
2026-01-09,50,31,20
2026-01-16,48,36,23
2026-01-23,53,32,18
2026-01-30,51,30,22
2026-02-06,49,35,19
2026-02-13,55,33,21
2026-02-20,50,28,20
2026-02-27,47,34,23
2026-03-06,52,31,18
2026-03-13,54,36,22
2026-03-20,48,32,19
2026-03-27,51,30,21
2026-04-03,53,35,20
2026-04-10,49,33,23
2026-04-17,50,29,18
2026-04-24,52,34,22
2026-05-01,48,31,19
2026-05-08,55,36,21
2026-05-15,51,32,20
2026-05-22,49,30,23
2026-05-29,53,35,18
2026-06-05,50,33,22
2026-06-12,47,28,19
2026-06-19,54,34,21
2026-06-26,52,31,20
2026-07-03,48,36,23
2026-07-10,51,32,18
2026-07-17,53,30,22
2026-07-24,50,35,19
2026-07-31,49,33,21
