Date,Add Product,Create Customer,Update Product,Cancel Subscription
2026-02-10,34,46,21,9
2026-02-11,34,37,23,7
2026-02-12,33,48,22,10
2026-02-13,38,48,19,5
2026-02-14,21,34,13,4
2026-02-15,22,22,12,5
2026-02-16,39,46,23,8
2026-02-17,38,40,24,4
2026-02-18,21,43,18,9
2026-02-19,38,39,25,5
2026-02-20,34,45,22,9
2026-02-21,22,30,14,5
2026-02-22,19,25,12,5
2026-02-23,33,64,18,5
2026-02-24,38,57,24,9
2026-02-25,42,47,16,6
2026-02-26,39,37,22,8
2026-02-27,33,53,24,12
2026-02-28,22,26,11,3
2026-03-01,23,26,13,5
2026-03-02,31,45,14,5
2026-03-03,32,50,26,7
2026-03-04,36,49,26,9
2026-03-05,36,40,25,8
2026-03-06,41,47,29,7
2026-03-07,25,29,11,3
2026-03-08,20,34,15,5
2026-03-09,23,52,24,6
2026-03-10,31,47,28,5
2026-03-11,32,57,20,7
2026-03-12,35,39,22,5
2026-03-13,39,48,31,8
2026-03-14,25,23,12,5
2026-03-15,26,21,15,5
2026-03-16,42,52,22,6
2026-03-17,28,49,21,12
2026-03-18,31,50,15,7
2026-03-19,36,53,27,7
2026-03-20,29,51,24,8
2026-03-21,18,33,13,5
2026-03-22,24,31,13,7
2026-03-23,36,45,22,10
2026-03-24,35,51,26,6
2026-03-25,26,50,22,6
2026-03-26,39,52,18,9
2026-03-27,34,37,23,7
2026-03-28,18,30,14,4
2026-03-29,22,33,11,5
2026-03-30,35,63,14,9
2026-03-31,33,47,29,7
2026-04-01,46,44,23,7
2026-04-02,31,48,20,8
2026-04-03,24,62,21,11
2026-04-04,17,30,20,3
2026-04-05,16,26,14,5
2026-04-06,41,46,15,7
2026-04-07,41,51,14,7
2026-04-08,41,62,24,8
2026-04-09,28,42,22,9
2026-04-10,37,44,17,6
2026-04-11,17,31,7,4
2026-04-12,22,35,13,6
2026-04-13,33,42,19,11
2026-04-14,39,51,35,7
2026-04-15,38,50,21,12
2026-04-16,42,38,20,8
2026-04-17,38,38,12,4
2026-04-18,20,28,14,3
2026-04-19,17,20,13,5
2026-04-20,39,53,21,10
2026-04-21,34,43,19,6
2026-04-22,24,49,22,7
2026-04-23,31,50,28,8
2026-04-24,32,43,21,5
2026-04-25,20,29,17,5
2026-04-26,24,25,14,3
2026-04-27,36,50,18,11
2026-04-28,37,34,24,7
2026-04-29,35,51,23,3
2026-04-30,29,53,27,11
2026-05-01,44,33,25,4
2026-05-02,25,29,10,7
2026-05-03,22,20,13,3
2026-05-04,35,44,27,5
2026-05-05,36,60,18,8
2026-05-06,36,43,24,8
2026-05-07,30,60,25,7
2026-05-08,31,42,26,7
2026-05-09,22,28,14,4
2026-05-10,23,28,15,5
2026-05-11,34,41,18,6
2026-05-12,30,54,21,11
2026-05-13,46,48,15,7
2026-05-14,34,37,20,8
2026-05-15,32,42,18,11
2026-05-16,20,25,12,5
2026-05-17,18,30,14,5
2026-05-18,41,44,26,6
2026-05-19,33,56,25,8
2026-05-20,29,51,19,6
2026-05-21,31,49,13,8
2026-05-22,35,43,26,9
2026-05-23,19,25,14,2
2026-05-24,20,26,13,5
2026-05-25,35,55,22,7
2026-05-26,28,53,24,10
2026-05-27,31,48,21,7
2026-05-28,35,35,25,9
2026-05-29,40,63,20,7
2026-05-30,21,36,9,5
2026-05-31,16,17,8,3
2026-06-01,40,41,21,5
2026-06-02,38,40,27,6
2026-06-03,31,48,22,10
2026-06-04,35,39,19,6
2026-06-05,38,50,21,9
2026-06-06,19,28,13,6
2026-06-07,20,27,10,5
2026-06-08,32,50,14,10
2026-06-09,28,42,26,5
2026-06-10,34,48,18,10
2026-06-11,42,34,16,9
2026-06-12,28,45,22,9
2026-06-13,20,29,11,6
2026-06-14,19,30,11,4
2026-06-15,34,46,17,9
2026-06-16,42,49,24,9
2026-06-17,39,50,22,9
2026-06-18,35,41,22,4
2026-06-19,34,50,26,8
2026-06-20,23,28,10,3
2026-06-21,18,23,14,4
2026-06-22,37,48,26,10
2026-06-23,31,46,19,4
2026-06-24,38,56,21,7
2026-06-25,40,31,22,8
2026-06-26,32,57,25,7
2026-06-27,20,27,11,3
2026-06-28,25,33,15,3
2026-06-29,45,61,22,6
2026-06-30,30,50,18,7
2026-07-01,40,37,30,11
2026-07-02,28,38,20,5
2026-07-03,33,29,21,11
2026-07-04,17,27,9,5
2026-07-05,20,36,13,4
2026-07-06,37,44,16,8
2026-07-07,34,49,23,6
2026-07-08,37,60,17,11
2026-07-09,33,42,31,8
2026-07-10,41,53,15,8
2026-07-11,19,23,8,4
2026-07-12,22,30,12,3
2026-07-13,30,44,17,7
2026-07-14,34,41,21,6
2026-07-15,34,51,22,8
2026-07-16,26,45,23,9
2026-07-17,27,49,26,7
2026-07-18,20,30,13,5
2026-07-19,21,29,11,4
2026-07-20,41,46,21,7
2026-07-21,38,42,25,6
2026-07-22,29,49,22,8
2026-07-23,40,45,23,6
2026-07-24,41,52,24,8
2026-07-25,18,27,14,4
2026-07-26,21,23,13,3
2026-07-27,29,46,14,9
2026-07-28,39,47,18,6
2026-07-29,34,31,22,9
2026-07-30,33,44,22,8
2026-07-31,40,48,19,7
2026-08-01,21,35,12,3
2026-08-02,18,19,13,3
2026-08-03,28,34,17,9
2026-08-04,28,35,22,7
2026-08-05,37,53,21,5
2026-08-06,34,51,19,5
2026-08-07,40,45,20,8
2026-08-08,24,29,12,5
